{"acc": 0.7375201216625079, "loss": 0.19991843682666155, "_timestamp": 1692114744.4667583, "_runtime": 0.7725212574005127, "_step": 7, "_wandb": {"runtime": 0}}