{"acc": 0.8770184893093539, "loss": 0.039664000258725116, "_timestamp": 1692114506.8877957, "_runtime": 0.7303767204284668, "_step": 7, "_wandb": {"runtime": 0}}